manufacturer_id,manufacturer_name
1,Hornby
2,FunkyBuys
3,ccf
4,Generic
5,Chuggington
6,Kato (USA)
7,Bachmann
8,Kato
9,Power Trains
10,Preiser
11,Takara Tomy
12,Roco
13,Fisher-Price
14,Gaugemaster
15,Faller
16,Topro
17,Dapol
18,Ratio
19,ARSUK
20,Trix
21,RAILWAY - BACHMANN
22,Busch
23,Piko
24,Corgi
25,Sohni-Wicke
26,Train Tech
27,CATO
28,POWER CITY TRAINS
29,Train
30,Sales La
31,Märklin my world
32,Mattel
33,Graham Farish
34,Carousel
35,Peptim Scenics
36,Learning Curve
37,Walthers Trainline
38,Woodland Scenics
39,Peco
40,Fisher Price
41,Jouef
42,Thomas & Friends
43,Plan Toys
44,Bandai
45,Atlas
46,NMIT
47,Viessmann
48,Tommy Tech
49,Model Power
50,Micki Leksaker
51,LELIN
52,Bachmann N Gauge
53,Märklin
54,Tomytec
55,Bigjigs Rail
56,Trains
57,Tomy
58,Smasha-Ballz
59,Moomins
60,Paddington Bear
61,Charlie Bears
62,Yoohoo & Friends
63,Monchhichi
64,Aurora
65,The Puppet Company
66,Ty
67,Henry Hugglemonster
68,Melissa & Doug
69,Animal Babies
70,Olympic Mascots
71,Suma Collection
72,Whitehouse Leisure
73,Me To You
74,Creative Toys
75,Marvel
76,Squishable
77,Roadkill Toys
78,Talking Friends
79,Unknown
80,L'Atitude
81,MBNF
82,Teddy Mountain
83,TY~BEANIE BEARS
84,Pokemon Center
85,Webkinz
86,Banpresto
87,Wild Republic
88,Ty UK Ltd
89,ENESCO
90,Steiff
91,Star Wars
92,TheWorks
93,Living Nature
94,Golden Bear
95,Disney
96,Ben & Holly
97,Paw Patrol
98,Teddy Hermann
99,Cepia
100,Claire's
101,Vivid Imaginations
102,ukgiftstoreonline
103,White Lab Mouse
104,Lil Kinz
105,Hansa
106,TY~BEANIES ANIMALS
107,Warmhearts Fully Microwavable
108,Shopzeus
109,Keel Toys
110,Beanie Boos
111,Doodle Jump
112,Pokémon
113,Bluw
114,My Blue Nose Friends
115,KingcooTech
116,ty beanie
117,Little Buddy
118,Ravensden
119,IBTT
120,Yoo Hoo
121,Cuddlekins
122,TY~COUNTRY EXCLUSIVES
123,Build your Bears Wardrobe
124,ThinkGeek
125,Sanei
126,"Minnie Mouse, Mad about Minnie"
127,Plants vs Zombies
128,London Teddy Bears
129,PTS
130,TY~BEANIES CATS
131,Dowman
132,Be My Bear
133,Titan Merchandise
134,Beanie Babies
135,TY~BEANIES DOGS
136,Zigamazoo
137,Manhattan Toy
138,Sun Arrow
139,MINIONS
140,Beanies
141,Miyoni
142,Jazwares
143,Harrods
144,"PILLOW PET 1 DIRECTION PINK PUPPY 18"""
145,GE Entertainment
146,Angry Birds
147,Personalised Bears and Rag Dolls
148,Yao
149,Jelly Cat
150,FunKo
151,Snoopy
152,Aurora My Little Pony
153,TY~BABY RANGE INCLUDING PLUFFIES
154,Gund
155,Dempsey Designs Minicraft
156,Mickey Mouse
157,Jet Creations
158,Pluto
159,Dear Zoo
160,TY~HALLOWEEN BEANIES
161,Great Eastern Entertainment
162,McDonalds Happy Meal Toy
163,Soft Toy
164,APC
165,Glitzy Jewels
166,TBEN
167,Latitude Enfant
168,Apples to Pears
169,Animagic
170,Ganz USA LLC
171,Huggle Buddies
172,Yao Design
173,Andy's
174,TY~BEANIES BIRDS
175,Nici
176,Beanie Buddies
177,Amscan
178,Hasbro
179,Schmidt
180,How to Train Your Dragon
181,DC Comics
182,Ayumi
183,Pintoy
184,Poly Dice Sets
185,Q-Workshop
186,Forlorn Hope Games
187,LCR
188,"Chavet, Chavet"
189,The Dice Place
190,Oblivion
191,Privateer Press
192,BigCherry
193,Chessex
194,Dice World
195,Jaques of London
196,WizKids
197,Smartdealspro
198,Ultra Pro
199,Cracker kit fillers
200,Bicycle
201,SMART SHOPPING
202,Gamewright
203,Jesters
204,Asmodée
205,8
206,Hutter Trade GmbH + Co KG
207,Kent & Cleal
208,pocketgames
209,Learning Resources
210,Witzigs
211,Traditional Games
212,Dice
213,Bigjigs Toys
214,Rory's Story Cubes
215,WHATWEARS
216,Pocket dice games
217,MY
218,Unbeatable Games
219,Drumond Park
220,The Creativity Hub
221,RoyaltyRoute
222,Backspindle Games
223,Steve Jackson Games
224,GRAHAM'S GAMES
225,Opaque
226,Left Center Right
227,Front Porch
228,Patch Products Inc.
229,Crossword
230,Tarquin Group
231,Bristol Novelties
232,Galt Toys
233,Rio Grande Games
234,Days of Wonder
235,Koplow Games
236,TGO
237,David Westnedge Games
238,Rory Story Cubes
239,Bulk Dice
240,Evil Hat Productions
241,kitsch
242,A to Z
243,BOGGLE
244,Cultzilla
245,Backspindle Games Limited
246,ShalinIndia
247,Dude Dice
248,University Games
249,Renegade Game Studios
250,Base
251,Re:creation Group Plc
252,Tarquin
253,West5Products
254,David Westnedge
255,Queen Games
256,Tenzi
257,Think Fun
258,Polyhedral
259,George
260,KMC
261,Masters
262,Rockets Toys
263,Brimtoy
264,Slammer
265,Creative Fingers
266,Paul Lamond Games
267,Motion Sand
268,Legler
269,Playmobil
270,Coppenrath Verlag
271,C.P.M.
272,Baker Ross
273,Disney Frozen
274,Clikkabox
275,Christmas @ Thumpers
276,LEGO
277,Kinetic Sand
278,Fuzzy Felt
279,William Sinclairs
280,Caltime
281,Magic Sand
282,Christmas and Decorations
283,VStoy
284,TY-P2C
285,Schleich
286,Coppenrath
287,Caltime Click!
288,Namesakes
289,Advent Gift Boxes
290,Craftplay
291,My Little Pony
292,Simba Toys
293,Cra-Z-Sand
294,Muppets
295,Advent Calendars
296,Mega Bloks
297,Barbie
298,Alison Gardiner
299,Polly Pocket
300,Henry Glass Fabrics
301,Chi Chi Love
302,Woodmansterne
303,shopondo
304,Class Gifts
305,luxury applique sack
306,AMZ
307,Magical Minerals
308,Green Board Games
309,National Gallery Company
310,Tizaro
311,Kidoloop
312,Imaginext
313,Paint and Play Today
314,Wizard
315,Brian Clegg
316,Chelsea F.C.
317,just4baby
318,John Adams
319,FDC
320,Caltime Plus
321,Great Gizmos
322,MTS
323,Premier Decorations
324,Misha
325,Markwins International
326,Spin Master
327,Advanced Printing
328,Djeco
329,CIL
330,Moshi Monsters
331,Creativ Co Ltd
332,Wishtime
333,Givenchy
334,KandyToys
335,Character Options
336,Personaliseurgift
337,footprintdirect.co.uk
338,Tobar
339,Hot Wheels
340,AMT
341,ixo
342,Forces Of Valor
343,Oxford Diecast
344,Universal Hobbies
345,AUTOart
346,Minichamps
347,TRI-ANG
348,universal hobby
349,Morris & Co
350,Bburago
351,Hennessey
352,SMER
353,American Muscle - ERTL Collectibles
354,Ford
355,Greenlight
356,Maisto
357,Siku
358,Vktech
359,New Ray
360,Hasegawa
361,Unbekannt
362,Coca-Cola
363,Oxford
364,Britains Big Farm
365,Chevrolet
366,Riley
367,Aston Martin
368,Tamiya
369,TAYO
370,Classix
371,Set
372,Teamsterz
373,Alpine
374,AOSHIMA
375,Collectable Diecast
376,Grids
377,Audi
378,Captain Scarlet
379,M & D International
380,Brio
381,Sonic
382,Kyosho
383,Airfix
384,Miniart
385,Aprilia
386,Thunderbird
387,Fast and Furious
388,Lambretta
389,cararama
390,Aivtalk
391,Welly
392,Opel
393,Honda
394,Revell-Monogram
395,joe bar
396,Sieper GmbH
397,Supreme Models Online
398,Autosculpt Miniatures
399,Lamborghini
400,BAO CORE
401,Matchbox 1-75
402,Fujimi
403,Transformers
404,Dr Who
405,Diamond Select
406,Games Workshop
407,Nickelodeon
408,Kaiyodo
409,POP! Vinyl
410,Astro Boy
411,Harley Quinn
412,Teenage Mutant Ninja Turtles
413,Turtles
414,Wing
415,Thinkway Toys
416,Thinkway
417,NECA
418,DC Super Friends
419,Toy Story
420,Aliens and Predators
421,"Slugterra Toys, Games & Dart Mini Action Figures"
422,Star images
423,Final Fantasy
424,McFarlane
425,Hot Toys
426,Good Smile Company
427,PlayMates
428,First 4 Figure
429,Bakugan
430,Thundercats
431,Eye On Asia
432,Ben 10
433,Ickee Stickeez
434,Sun toys
435,SEGA
436,DC Universe Classics
437,Medicos
438,Fabrikations
439,Star Trek
440,Freeing
441,Art Asylum
442,Moshi: Rox Tin
443,Super Wings
444,MISSING
445,Toy Zany
446,GET RETRO
447,The Walking Dead
448,Plastoy
449,Vivid
450,Green Lantern
451,Spider-Man
452,Star Cutouts Ltd
453,Trade Mark Collections
454,Octonauts
455,Wacky Wobbler
456,Sideshow Collectibles
457,The Hobbit
458,Living Dead Dolls
459,Bullyland
460,Iron Man 3- Marvel
461,Harry Potter
462,Transformers Prime Beast Hunters
463,Master Replicas
464,Kotobukiya
465,Playskool Heroes
466,Warhammer
467,GoodsforU
468,Aimee shine
469,Halo
470,X-Wing Miniatures Game
471,The Adventures of Batman & Robin
472,Heart Art Collection
473,Men in Black
474,Fantasy Flight Games
475,Just For Fun
476,Big Chief
477,Master Replicas LLC.
478,k2-accessories Alphabet Letter Beads
479,k2-accessories Seed Beads
480,myStyle
481,Alex
482,Lyndie's Craft
483,Colour Changing Products
484,ETHAHE
485,SODIAL(R)
486,ToyGalaxy
487,MajorCrafts
488,Markylis
489,k2-accessories Jewellery Findings
490,Just Say Beads
491,Hama
492,HaSaH
493,Daisy Loom
494,k2-accessories Acrylic Plastic Beads
495,Fashion Lights
496,tinkertonk
497,Hama Beads
498,Riga
499,KSG
500,k2-accessories Charm Pendants
501,Loom
502,k2-accessories Alloy Metal Spacer Beads
503,BTC
504,Jacks
505,Rainbow Loom
506,Perler
507,Hape International
508,k2-accessories Craft
509,LoomAstic Bands
510,TOYLAND
511,Amazing child Montessori
512,Viskey
513,k2-accessories
514,Indigo
515,Grafix
516,SE
517,Ateamart
518,Bead-boutique
519,SES Creative
520,Diamant
521,JEWELTAILOR
522,DAN Import
523,k2-accessories Chip Beads
524,Toyland
525,Viga
526,Beado's
527,k2-accessories Organza Ribbon
528,Sequin Art Hello Kitty Gothic Design
529,eFashionsquare
530,Crafty Capers
531,Sequin Art Style Karoake
532,ZAP - Z
533,Crystals & Gems Uk
534,Flair
535,Hengsong
536,Kids Create
537,4M Crafty Kids
538,PLAYHOUSE FUN CRAFT
539,h grossman
540,Beads4crafts
541,Make It With Beads
542,Playbox
543,DKL
544,Crayola
545,Orien
546,GuideCraft
547,The Orb Factory
548,Sequin Art
549,TreasureTrove Toys
550,k2-accessories Ready Necklace & Bracelet
551,k2-accessories Organza Bags
552,Loom Bands
553,Pinflair
554,k2-accessories Beading Thread Wire
555,Fashion Angels
556,Millhouse
557,GOGO
558,Tidlo
559,Friendship Loom
560,Ark
561,Creativity International
562,Be Creative
563,Batman
564,Past Times Quilling
565,Craft Planet
566,Peaceable Kingdom
567,TREND ENTERPRISES INC.
568,Moon's Outlet
569,Schipper
570,Craftime
571,MADE4U
572,Anker
573,Paper Projects
574,Icon
575,Pinzhi
576,Alligator
577,Colour Talk
578,Anthony Peters
579,Sticker4U
580,The Original Glowstars
581,NPW
582,Disney Princess
583,Animewild
584,Abystyle
585,Cake Supplies
586,Craft
587,CRAFTY BITZ
588,HuntGold
589,Monster High
590,Peterkin
591,Starform
592,Decopatch
593,Anita's
594,Reeves
595,RCL Toys
596,YEESAM ART DIY
597,Crazy Grans
598,Kawaii
599,Woodware Craft Collection Ltd
600,Minilabel
601,JINX
602,Kids B Crafty
603,Sizzix
604,Fun Express
605,Scoot
606,Fun Stickers
607,Gregory Crafts & Gifts
608,Vilac
609,Unique Party
610,The Sticker Factory
611,Scribbledown
612,Little Pals
613,Studio Light
614,Crafters Companion
615,Stickers
616,Hardley Dangerous
617,Purple Peach
618,4M
619,Party Bag Fillers
620,The Stickerman
621,YPS
622,Le Toy Van
623,Indigo Worldwide Ltd
624,Tallon
625,Partyrama
626,Gelarti
627,Sofia the First
628,Habico
629,Noris Spiele
630,Sparkle Ups
631,Me & My Big Ideas
632,Alligator Books
633,Woodandtots
634,Die'sire
635,Just Feathers by Crazy Grans
636,Bosskut
637,Noris
638,Peppa Pig
639,Mammut
640,Stephens
641,Xcut
642,Gaffney
643,Winx Club
644,Welecom
645,Toymaster
646,Intex
647,Aquaplay
648,Scrunch Buckets
649,No
650,Novelties Direct
651,mondo
652,MT Creations
653,Halsall
654,Pams
655,Bestway
656,Henbrant
657,Duplay
658,Giochi Preziosi
659,KT
660,Benross
661,deAO
662,BML
663,Wet 'n' Wild
664,E-Bargains
665,Toyrific
666,BIG
667,Swimways
668,Pro Swim GmbH
669,Konfi-store
670,BIGMOUTHINC.
671,Logitoys
672,Seruna
673,Toy Brokers
674,"45"" Sunset Glow Pool"
675,theinthing.com
676,Guaranteed4Less
677,Happy Hop
678,FiNeWaY
679,BIG Toys
680,esto24
681,A B Gee
682,Smoby
683,Downtown
684,Boppi
685,EDX Education
686,Aqua Noodle
687,Wilton Bradley
688,Konfidence
689,Swimming and Pool Games
690,Big Mouth Toys
691,Tapball
692,Inspire
693,Jilong
694,Concession Market®
695,Dantoy
696,Gohner
697,BBTradesales
698,Medieval Dragon Ride-On
699,Nerf
700,dotcomgiftshop
701,BabyMad
702,ALLKINDATHINGS
703,zizzi
704,Game
705,Splash and Play
706,TeddyT's
707,Power Rangers
708,Happy People
709,Hanna-Barbera
710,PMS International
711,Great Gifts
712,Funtime
713,Henbrandt
714,Rubies
715,WIDMANN
716,Impressions
717,ILOVEFANCYDRESS
718,Fun Shack
719,Wicked
720,Wicked Costumes
721,Parties Unwrapped
722,Fireman Sam
723,Sancto
724,California Costume
725,Rubber Johnnies TM
726,maboobie
727,Aqua Beads
728,AirSuits
729,Stretchy Suits
730,Emmas Wardrobe
731,Smiffy's
732,Red Star
733,GIZZY
734,MCS
735,RUBBIES FRANCE
736,Morphsuits
737,Green
738,Tinsley Transfers
739,Disguise
740,Mega Fancy Dress
741,Rasta Imposta
742,Widman
743,CRAZYLADIES COSTUMES
744,Fancy Dress Accessories
745,King Horse
746,AKORD
747,Glitter Tattoo Stencils
748,StacheTATS
749,Fun And Glitter
750,MDL
751,Glitter Tattoo Powder
752,Bargained-Tatz
753,IPT Imports
754,Amatola-Kei
755,WorldWide
756,Glitter Tattoo Starter Kits
757,GGSELL
758,Gb Posters
759,Body Glue- Adhesive
760,Party Bags 2 Go
761,Dazzle Glitter Tattoos
762,KARIZMA
763,Home Fusion Company
764,YiMei
765,Inkwear
766,Unique Freak Tattoos
767,MunchieMoosKids
768,Themed Glitter Tattoo Kits
769,Bundle Monster
770,Glitter Tattoo Kits
771,Anker International
772,Kressies
773,RMS International
774,Body Art Desire
775,TMP
776,Savvi
777,The Harlequin Brand
778,Playwrite
779,Fashion Accessory
780,SLJ Party Bags
781,Snazaroo
782,Halloween
783,Glitter Body Art
784,Vogue of Eden
785,Hendbrandt
786,Flag Tattoos - Temporary Tattoos 4U
787,The Avengers
788,The Mortal Instruments City of Bones
789,Fizz Creations Ltd
790,GlitZGlam
791,EVTECH
792,Liverpool F.C.
793,Girls Glitter Tattoo Kits
794,The Glitter Tree
795,Allaccessories
796,JKR
797,Themed Tattoos by Savvi
798,Scalextric
799,Orbotix
800,Super Robot
801,Product Enterprise
802,Zibits
803,SGM
804,Xq Toys
805,SORA
806,Taigen
807,China Industries Ltd t/a Wow! Stuff
808,Carrera
809,Micro Chargers
810,Heng Long
811,Ninco
812,KidKraft
813,Simm
814,Brushwood
815,DELUXE MATERIALS
816,Wow Wee
817,GameOnStuff
818,HTI
819,The Trash Pack
820,Flying Gadgets
821,Tonka Chuck & Friends
822,Micro Scalextric
823,Tobot
824,Trumpeter
825,BSD
826,Darda
827,dazzling toys
828,HPI
829,BSP
830,Chinatera
831,Stadlbauer Marketing + Vertrieb GmbH
832,PJ
833,Traxxas
834,BQLZR Hobbies
835,CARRERA RC
836,HSP
837,Dickie Toys
838,Super Mario
839,Other
840,Comtechlogic
841,K'Nex
842,Carrera 'Go'
843,niceEshop
844,Greenhills Garages
845,SpringRC
846,belle
847,Tyco
848,Tagamoto
849,Take N Play
850,Nano Speed
851,AOTOP
852,Syma
853,Global Gizmos
854,FQ
855,DeliaWinterfel
856,M:Tech
857,13
858,Anbee
859,WayIn
860,Parrot
861,BuyinCoins
862,Cheerson
863,Hubsan
864,DS Styles
865,Jamara
866,SL
867,JR Propo
868,Rockyoo
869,Rcmodelpart
870,Tenflyer
871,SA
872,Eachine
873,FamilyMall
874,iParaAiluRy
875,Top Race
876,Blade
877,COOCHEER
878,DJI
879,SKYREAT
880,Double Horse
881,JXD
882,douself
883,Express trading
884,Yacool ®
885,Nollmit
886,Tiny Direct Deal
887,Bladez Toyz
888,GoolRC
889,Wow Stuff
890,Tarot
891,Blueskysea_Syma
892,XT-XINTE
893,AFUNTA
894,DreamFlying
895,WLToys
896,Ares
897,Hobbypower
898,XCSOURCE
899,BTG
900,HB HomeBoat®
901,Austar
902,Venom
903,Tonsee®
904,HPI Racing
905,Anself
906,Walkera
907,JMT
908,Thunder Tiger
909,sunnytech®
910,UUMART
911,Mudder
912,RCECHO
913,Safari Drives
914,Often
915,HOBBYTIGER
916,Electrovision
917,SkyQ Hobbies
918,Horizon Hobby
919,iColourful
920,Secraft
921,Spektrum
922,Graupner
923,CRW
924,Sas Protection
925,ImmersionRC / Fatshark
926,Fayee
927,ketpriz
928,SJ R/C
929,TEAMLOSI
930,Signstek
931,OEM
932,HomeTalks
933,XStunt
934,BlueBeach
935,"Team Losi, Inc."
936,Dynamite
937,atdoshop
938,Power^UP
939,VANGOLD
940,Hot Bodies
941,Inspiration Bricks Toys
942,Creator
943,Revell
944,Insect Lore
945,MASSEY FERGUSON Tronico
946,Ingenious Toys - Enlighten Brick
947,mic-o-mic
948,Meccano
949,Bruder
950,Zoob
951,Character Building
952,Sluban
953,Commotion Group
954,P&D
955,Tegu
956,Plasticant Mobilo
957,Metal Earth
958,nanoblock
959,Laser
960,Matchmaker
961,Copag
962,Professor Puzzle
963,Aedes
964,super9shop
965,MAPS Toys
966,Gundam
967,Makedo
968,Base Ace
969,TAGAMOTO ENFORCER SET
970,A Plus
971,Lite Brix
972,WARRIOR SINGLE PK AST
973,Metcalfe
974,Architecture
975,BB Toys
976,COBI
977,Kawada
978,Nicko
979,BOYU
980,Lite Brix Moonlight Monsters
981,Seasonal
982,Click-A-Brick
983,Ingenious Toys
984,TINKERTOY
985,KRE-O
986,Built Up Toys
987,Match Attax
988,Future Card Buddyfight
989,Yu Gi Oh
990,Cardfight
991,Inkworks
992,Top Trumps
993,Enter Play
994,Konami
995,KakapopoTCG Card Storage
996,Magic
997,Bin Weevils Trading Card Game
998,Wizards of the Coast
999,Topps
1000,Crescent Cardboard Co
1001,Yu-Gi-Oh!
1002,Magic Madhouse
1003,BCW
1004,Grossman
1005,Magic The Gathering
1006,TWILIGHT SAGA
1007,Trading Cards
1008,Upper Deck
1009,Magic Box Int.
1010,Hawk Wargames
1011,BBC
1012,Panini
1013,ClubKing Ltd
1014,Yu-Gi-Oh 2013 Collectors Tin Wave 1
1015,Yu-Gi-Oh 2013 Zexal Collectors Tin
1016,Yu Gi Oh!
1017,Diverse
1018,Adrenalyn XL
1019,Castle MacLellan
1020,Match Attax 15/16
1021,GoGo's Crazy Bones
1022,Slam Attax
1023,World Cup
1024,Wizards
1025,Rittenhouse
1026,Yugioh
1027,Dragon Shield
1028,World of Warcraft
1029,WWE
1030,Kakapopo TCG Card Albums & Binders
1031,Cardfight Vanguard
1032,Redakai
1033,ToyMarket
1034,Toys4U
1035,Crescent
1036,KONAMI
1037,Pokemon Trading Cards
1038,Adrenalyn
1039,PokÃ©mon
1040,Ultimate Guard
1041,Upstarts
1042,Champion Sports
1043,Nestlé
1044,Bungees
1045,Arcane Tinmen ApS
1046,Force Attax
1047,MustBeBonkers
1048,Pokémon TCG
1049,Strathmore Artist Papers - ATC's
1050,Magic The Gathering 2013 Core Set Intro Pack
1051,The Pokémon Company
1052,Inazuma Eleven
1053,Magic Box International
1054,Nintendo
1055,ROVIO ENTERTAINER
1056,Enterplay
1057,Ever After High
1058,Hollywood party
1059,Partyfest.de
1060,Foil Balloons - Hearts
1061,Modelling Balloons
1062,Party2u
1063,Qualatex / Unique
1064,Deco Party UK
1065,Belbal
1066,Talking Tables
1067,Robelli
1068,EXPRESSION
1069,FANCYDRESSCOZ
1070,Every-occasion-party-supplies
1071,Happy Birthday Balloons
1072,PAM
1073,Shatchi
1074,Mickey & Minnie Mouse
1075,Number Shaped Balloons
1076,Regent
1077,Inflatable Santa
1078,B-Loony
1079,Flexmetal
1080,Black/Silver/White Balloons & Decorations
1081,Jungle Party
1082,Display
1083,"Pearlised Solid Colour 11"" Latex"
1084,BalloonDevil
1085,My 1st JCB
1086,farmyard party
1087,Expression Factory
1088,BALLOONSHOP
1089,Signature Balloons
1090,ZSL
1091,Unique
1092,Qualatex
1093,"Pearlised Solid Colour 5"" Latex"
1094,Glitz pack
1095,Impact Graphix
1096,BBC Worldwide
1097,GRABO
1098,Hallmark
1099,Elope
1100,Anagram
1101,Monster Parties
1102,Ginger Ray
1103,Inflatable Partyware
1104,Party Destination
1105,Heaton party
1106,notjustballoons
1107,princess party
1108,ESCO
1109,partyman
1110,The Balloon Printing Company
1111,Mother's Day
1112,"Baby, Christening & Baby Shower"
1113,Karaloon
1114,sear
1115,Anagram/MD
1116,PST
1117,Northstar
1118,partyallsorts
1119,PinkWebShop
1120,Polka
1121,Crew
1122,Zebra Boutique
1123,Dinosaur Party
1124,Anniversary House
1125,Baby Shower Host
1126,Creative
1127,50th Birthday
1128,NOEL TATT
1129,In the Night Garden
1130,Despicable Me
1131,Trucks & Diggers/Under Construction Party
1132,BWS
1133,OakTree
1134,WISH LIST FOR YOU
1135,Mayflower
1136,Northstar Balloons
1137,Good Deals Online
1138,Bride Boutique
1139,Bobofunnco
1140,Neon Balloons
1141,UKPS
1142,Simon Elvin
1143,Flex
1144,Hello Kitty
1145,Jewel Finish Solid Colour 3ft Latex
1146,Dinosaur Prehistoric Party
1147,floral natalie
1148,Hollywood/Movie Night
1149,Maya the Bee
1150,BGC
1151,Hollywood/Prom - Theme Event
1152,Tons Of Fun Balloons LTD
1153,Christmas
1154,Cooltechstuff
1155,Gardeningwill
1156,"Red, White and Blue"
1157,Illoom balloons Purple - pack of 5
1158,GGG
1159,Funny Balloons
1160,esscosa
1161,Am
1162,Tri-Balloons
1163,Kaleidoscope
1164,Puffin Balloons
1165,Supercast
1166,Music/Disco/Rock & Roll Theme
1167,RCD Trading International
1168,Anniversary
1169,Animal Theme Balloons
1170,1st birthday
1171,Unique Party Supplies
1172,Ballerina Tutu Much Fun Party
1173,Disney Junior
1174,Blue Banana
1175,Discount Party Warehouse
1176,Charachter Shape Balloons
1177,Party Genies
1178,fancydrescoz
1179,The Personalised Party Co.
1180,Alphabet Art
1181,"Monsters, Inc"
1182,FingerprintedPrints Cards-n-Invites
1183,FRILLY LILY
1184,personalised party products
1185,PARTNER INTERNATIONAL
1186,Gruffalo Party
1187,Just Cards
1188,StagSuits
1189,SoWest Limited
1190,Party Delights Ltd
1191,Female Fancy Dress
1192,Rubie's Masquerade UK
1193,Rubie's Masquerade
1194,Dream2Reality
1195,Childs Fancy Dress
1196,Pin It On
1197,Star55
1198,Home & Leisure Online
1199,Leg Avenue
1200,Dress Up America
1201,homeking
1202,Fancy Me
1203,MMC
1204,Honey B's
1205,BLACK STAR MEDIEVAL CLOTHING
1206,Rubies Costume Co
1207,Classified
1208,Find-me-a-gift
1209,Amscan International
1210,Angels Fancy Dress
1211,LifeWheel
1212,Christy`s
1213,Blue Planet Online
1214,Pretend to Bee
1215,Merlins Medieval Closet
1216,WRESTLING MASKS UK
1217,Morph Costumes
1218,Immoral Clothing
1219,Budgies Fancy Dress
1220,Yummy Bee
1221,Alandra
1222,Christy's
1223,Amav
1224,YTM
1225,Gemz Fancy Dress
1226,Dealspanks
1227,Street Fighter
1228,fancy dress warehouse
1229,RUBIES UK
1230,xs-party
1231,Yuelai
1232,iOSSS
1233,Bodysocks
1234,Headbands
1235,Fabfancydress
1236,Menu Life
1237,LS Glamour Room
1238,UUstar®
1239,DP
1240,Farfouil en Fête
1241,JoJo's Costumes
1242,Party Central
1243,Sailor Girl
1244,Model Power (Postage Stamp Planes)
1245,burago
1246,Motormax
1247,AMBULANCE
1248,Sunstar
1249,Altaya
1250,Lag3
1251,Looney Tunes
1252,Alfa Romeo
1253,Britains
1254,Road Signature
1255,Ferrari
1256,Italeri
1257,VW
1258,CAT Construction
1259,Dickies
1260,Mercedes-Benz
1261,"Richmond Toys, Motormax"
1262,basetoys
1263,Speed Cycles
1264,Lancia
1265,Joyride Entertainment - James Bond
1266,MENG
1267,SGM ®
1268,Bentley
1269,Joal
1270,Yat Ming
1271,Gemini Jets
1272,Omnibus
1273,Britains Farm
1274,Seben-Racing
1275,Motor Mania
1276,Land Rover
1277,Easymodel
1278,Spark
1279,ICM
1280,Wilesco
1281,Mirage Hobby
1282,AFV Club
1283,Academy
1284,Emhar
1285,Lucky omen
1286,Dust Studio
1287,Plastic Soldier Company
1288,Timberkits
1289,In The Greenwood Laser
1290,Hobbyboss
1291,Zvezda
1292,Takom
1293,Dickie-Tamiya
1294,Armourfast
1295,Warlord Games
1296,Dragon
1297,FoG models
1298,Del Prado
1299,Bronco
1300,Bronco Models
1301,Pegasus Hobbies
1302,Mirror Models
1303,Model Kasten
1304,HLT Miniatures
1305,Asuka Model
1306,Fascinations
1307,DRAGON / Aoshima
1308,INTERALLIED
1309,Platts
1310,Fine Molds
1311,Ace Authentic
1312,Special Armour
1313,Noch
1314,NoName
1315,All Aboard
1316,Black Butler
1317,Kibri
1318,Bojeux
1319,MASK-ARADE
1320,Funny Party Hats
1321,Life Is Good
1322,ACROBAT & BUFFOONERY LTD
1323,Gleader
1324,Samantha Peach
1325,OMO
1326,unbespielt
1327,HappyFans
1328,TV Stars
1329,Eye Masks
1330,NEO+
1331,Kids Stars
1332,TOOGOO(R)
1333,EQD Ltd
1334,ASCRAFTS
1335,Greyland Mask
1336,chinkyboo
1337,Big Party Costumes
1338,OMYGOD
1339,Zagone Studios
1340,WIDMANN S.R.L.
1341,WAS
1342,TopMei
1343,FHS
1344,UltraByEasyPeasyStore
1345,Celebrity Cutouts
1346,Ting Tang
1347,DIY Celebrity Masks
1348,BARGAINS-GALORE
1349,CreepyParty
1350,partiesandgifts
1351,Ark Toys
1352,Glantop
1353,Great Value Multipacks
1354,Monsters University
1355,Om
1356,Blue Frog Toys
1357,Lucy Locket
1358,Noble Collection
1359,Internet Gift Store
1360,Custom Masks
1361,Curious George
1362,Best Dressed
1363,BINGWAN
1364,Tinksky
1365,Fine Horse
1366,Big Hero 6
1367,The Cosplay Company
1368,Coxeer
1369,SOPHZZZZ TOY SHOP
1370,Pop Stars
1371,Foxy Facemasks
1372,Movie Stars
1373,Starepe
1374,FDPS
1375,MASK & CO
1376,Babe Mall Inc
1377,Palmers
1378,ONTRAD Limited
1379,Posh Porschey
1380,MaskHeaven
1381,Royal Family
1382,Papo
1383,Peanuts
1384,Holztiger
1385,Holtztiger
1386,OnlineDiscountStore
1387,Safari
1388,Littlest Pet Shop
1389,Breyer
1390,Toob
1391,Frogs
1392,Scificollector
1393,Papo Fantasy
1394,Aedes Ars
1395,SF801329TT
1396,Mike the Knight
1397,Papo Knights
1398,Dragon Models
1399,Calafant
1400,Idena
1401,Quay
1402,Imagingext
1403,Cards
1404,BENELIC
1405,Janod
1406,Dragon Defenders of Berk
1407,Oskar & Ellen
1408,Sevi
1409,Takaratommy
1410,Budkins
1411,Saint Seiya
1412,Go MINI
1413,Green Hornet
1414,Pororo
1415,Born To Play
1416,Motor Zone
1417,Tonka
1418,Weise-Toys
1419,Marvel Regener8'rs
1420,Ebbro
1421,Auto Books
1422,Mattel GmbH
1423,Funrise
1424,Eddie Stobart
1425,Pixar Cars
1426,ROLLIEREND
1427,Premier Portfolio Int. Ltd
1428,Octane Gain
1429,Jada
1430,Corgi Toys
1431,Miles
1432,Green farm
1433,Real Toys
1434,Matchbox
1435,SIMBA - DICKIE
1436,UT
1437,Wiggles
1438,SHELBY COLLECTIBLES
1439,Ice Cream
1440,Construction Service Series
1441,Diecast
1442,Road Rippers
1443,Flight
1444,Railway
1445,Max Tow Truck
1446,Hobby
1447,Emek
1448,RoadBot
1449,Aviation 72
1450,STOBART
1451,LUJII
1452,My Clippy
1453,McDonald's
1454,Universal Studios
1455,Soft Toys
1456,Bravest Warriors
1457,Wild Republic Birds
1458,Hong Kong Phooey
1459,WWF
1460,Mookie
1461,Puckator
1462,Heart Cell
1463,Three British trade
1464,Mini Flopsie
1465,Maileg
1466,Home Impressions Inc
1467,Pokemon pikachu
1468,Cozy Plush(TM)
1469,Tashuunka-Plüschtiere
1470,Heinrich Bauer
1471,PMS®
1472,Posh Paws International
1473,Bing
1474,Birds Eye
1475,TY - Beanie Bears
1476,Fur Real Friends
1477,High Street TV
1478,TLP
1479,Tummy Stuffers
1480,Peter Rabbit
1481,Studio Ghibli
1482,Ice Age
1483,Cozy Plush Premium
1484,GREEN HORSE
1485,Pokemon Flareon
1486,Ty Beanie Babies
1487,super mario bros
1488,Just Play
1489,Sigikid
1490,Hugfun
1491,keel soft toy
1492,TY~BEANIES AQUATIC
1493,Beanie Boo Buddies
1494,TMNT
1495,Ty Inc.
1496,My Pillow Pets
1497,TY Inc
1498,Fiesta Toys
1499,Ty Beanie Boos
1500,Precious Petzzz
1501,TY Beanie Baby
1502,Linxinwei
1503,Cuddles Time
1504,Anime
1505,Guess How Much I Love You
1506,The Bear Factory
1507,LV017 Angeline 1964
1508,PMS
1509,HOOTY FRIENDS(TM)
1510,Finnegan King of the Leprechauns
1511,Treeline Polyester Filling
1512,Universal Picture
1513,Matfield Lavender Gifts
1514,Webkinz Lil'Kinz
1515,Furry Warmers
1516,ODDCO
1517,Small Foot
1518,Worry Eater
1519,Miku
1520,WORMS
1521,Deb Darling Designs
1522,Generico
1523,A.S.PUPPETS
1524,HAPE Beleduc
1525,United Labels
1526,Living Puppets
1527,Snuggle Pets
1528,Fiesta
1529,Mister Maker
1530,Creativity for Kids
1531,M Gordon & Sons
1532,EW Education
1533,Dowman Imports Ltd
1534,Beleduc
1535,Folkmanis
1536,DNA Toys
1537,EQD
1538,Angels Avenue
1539,Ugglys
1540,Tellatale
1541,AHK Hand Puppets
1542,Hacker T. Dog
1543,Fiesta Crafts
1544,La Vogue
1545,marias
1546,AHK/Dowman
1547,Empire
1548,Well-Goal
1549,Faithful Friends
1550,EKIND
1551,Ultra-Pro Protective Card Sleeves
1552,One Direction
1553,Bushiroad
1554,Ultra Pro Deck Protectors (Small)
1555,Tangle Creations
1556,CubicFun
1557,Max Protect
1558,Ravensburger
1559,Tangle Jr
1560,Cheatwell Games
1561,Fun Toys
1562,Happy Cubes
1563,4 Pocket Pro Binder Black
1564,Nanostad
1565,Gormiti
1566,Tangle Junior
1567,The Training Shop Kit
1568,Soccer Brain
1569,Lord of the Rings
1570,Paul Lamond
1571,Blancho
1572,Fantasy Cube
1573,Kokuyo
1574,Cubic Fun 3D Puzzle
1575,Ultra Pro Platinum Series Nine Pocket Pages
1576,Dodolive
1577,DSN
1578,Trading Card Supplies
1579,Puzzibits
1580,Kids4ever
1581,Liberty Imports
1582,D-TOYS
1583,Ultra Pro Deck Protectors (Standard)
1584,Max Protection
1585,AK Sport
1586,Cityscape Maps Ltd
1587,Card Concept
1588,Novelties
1589,DBPOWER
1590,Cool Create
1591,Card Way
1592,Coiledspring Games
1593,ARTBOX
1594,Yifan
1595,Popular Playthings
1596,Newisland
1597,Smart Games
1598,Winshare Puzzles and Games
1599,MoYu
1600,QiYi
1601,Puzzle With Me
1602,ArturoLudwig
1603,Ultimate Metal Puzzles
1604,Foxmind
1605,KAILIMENG
1606,Oostifun
1607,Rubik's
1608,Gonge
1609,Hanayama
1610,Houdini Magic Boxes
1611,Hard As Nails
1612,Professor Puzzle - UK
1613,Shengshou
1614,Great Minds
1615,GameBrotherZ
1616,Educational Insights
1617,Milton Bradley
1618,Megaminx
1619,INFINITE INNOVATIONS INC
1620,Family Games
1621,PUZL
1622,Fame Master
1623,StillCool
1624,QJ
1625,SunsOut
1626,The Great Minds Range
1627,Novelty Gifts
1628,Arxon
1629,L-FENG-UK
1630,Invero®
1631,Classic Dining Moments
1632,Diset
1633,Fábricas Agrupadas de Munecas
1634,PlaSmart
1635,Peers Hardy
1636,Paper Jamz
1637,Perfectly Pink
1638,Party Stuff 4U
1639,Gemma
1640,Benross Group
1641,The fancy dress and party store
1642,Happy Birthday
1643,B
1644,EKUAL
1645,BGC Studios
1646,Creative Party
1647,Fun Machine
1648,The Expressions Factory
1649,Party Savvy
1650,Superstars
1651,Gift Zone
1652,Fancy Pants Store
1653,Heaton
1654,Football
1655,partyallsorts.fba
1656,Eurowrap
1657,Pure Tone
1658,flashflash banners
1659,Oaktree UK
1660,Wildgoose Education
1661,Ladybug Party
1662,Card and Party Store
1663,Swoosh Supplies
1664,Vivo
1665,Bontempi IGirl
1666,My Ukulele Pack
1667,Fun House
1668,bgc
1669,80s Material Girl
1670,Hollywood Star Attraction VIP Bunting - 12ft
1671,The Flagman
1672,Beistle
1673,Olympics/Jubilee
1674,Elizabeth Arden
1675,Doc McStuffins
1676,BOLAND BV
1677,Club
1678,Truly Madly Deeply
1679,Party Discount
1680,Flags and Bunting
1681,Folat
1682,PolysGems
1683,B&L
1684,60°
1685,Theory11
1686,Trival Pursuit
1687,MagicMakers
1688,Asmodee Editions
1689,Cockroach Poker (German Edition)
1690,Winning Moves
1691,Phase 10 Card Game
1692,Deal or No Deal
1693,Greylight Limited
1694,Plaid Hat Games
1695,Alderac Entertainment Group
1696,Shuffle
1697,Deckboosters
1698,Royal Magic
1699,Pok?mon
1700,Penny Arcade
1701,sussed?
1702,Playroom Entertainment
1703,Gibsons Games
1704,Out of the Box
1705,Tactic
1706,Volkswagen
1707,Bicycle Cards
1708,Waddingtons
1709,Pathfinder
1710,CE Toys
1711,Specialist
1712,Surprised Stare Games
1713,A Kent & Cleal game
1714,Pokemon TCG XY 2014 Spring Tin
1715,Trivial Pursuits
1716,Wild and Wolf
1717,Redtooth Poker
1718,Vanguard
1719,Greater Than Games
1720,Jack Daniel
1721,Piatnik
1722,Omerta
1723,Brybelly
1724,Cartamundi
1725,JYW Global
1726,Dover Publications
1727,Playing Cards
1728,db
1729,Lion Games & Gifts Europe
1730,Fantasy Flight
1731,Yu-Gi-Oh
1732,Comic Maker
1733,Arcane Wonders
1734,Game of Thrones
1735,Burger Boss
1736,Aquarius
1737,Caspari
1738,Looney Labs
1739,Ace Trumps
1740,Old Glory
1741,Trefl
1742,Z-Man Games
1743,Mayday Games
1744,Silkcraft
1745,Water Lane Gifts
1746,TC Digital Games
1747,Game Salute
1748,The Blue Crown
1749,Big Potato
1750,AoE Performance
1751,UNO
1752,Karnival
1753,Blue Orange
1754,Capcom
1755,Yousave
1756,Legion Supplies
1757,Thank You
1758,Hobby Games
1759,US Playing Card Co.
1760,TALLON INTERNATIONAL
1761,Tasty Minstrel Games
1762,The Green Board Game Co.
1763,Pictionary
1764,Yu-gi-oh!
1765,WE Games
1766,YuGIOH
1767,Frozen
1768,Stoneblade Entertainment
1769,Blue Exorcist
1770,Games with Names
1771,Lagoon
1772,MagicWorld
1773,UNO Cards
1774,Kem
1775,Ellusionist
1776,RoyaltyLane
1777,UK Party Games
1778,cartemundai
1779,World Of Tartan
1780,Sensory Trust
1781,Heritage Playing Cards
1782,Little Wigwam
1783,Jack Daniels Whiskey
1784,White Wizards Games
1785,The United States Playing Card Company
1786,Race for the Galaxy: Brink of War
1787,Kakaxi
1788,Ystari
1789,SK Japan
1790,Iello
1791,Tally-Ho
1792,Marvin's Magic
1793,bee
1794,ALBATROS INTERNATIONAL
1795,Hamleys
1796,Riverboat Gaming
1797,The Regency Chess Company
1798,Trademark
1799,Master Of Chess
1800,DGT
1801,Chess
1802,2-in-1 Chess & Draughts
1803,Millenium
1804,Green Toys And Games
1805,Chessebook
1806,"Philos, Philos"
1807,ARBE
1808,House of Marbles
1809,SAC
1810,Topixo
1811,SouvNear
1812,Studio Anne Carlton
1813,PSE
1814,English Chess Company
1815,British Museum
1816,Thurston
1817,Lion Chess
1818,StonKraft
1819,Chessbazaar
1820,Character Games Ltd
1821,ToyPost
1822,Texas Holdem Poker Layout Cloth
1823,Prime Chess
1824,Geoffrey Parker
1825,Trademark Toys
1826,GoKi
1827,Sonic The Hedgehog
1828,"National Museum, Scotland"
1829,Wegiel
1830,Woodeyland
1831,World Playground Ltd
1832,short chess
1833,Ideal
1834,Chess and Bridge
1835,Tactic Games UK
1836,Squirrel Poker
1837,Elysium Enterprises
1838,Stirling Fox
1839,Negiel
1840,Picture Favourites
1841,KakapopoTCG Deck Box
1842,Jaffas World ltd
1843,yugioh
1844,Pokemon Korea
1845,Skylanders Swap Force Tin
1846,Cryptozoic Ent.
1847,Heroes Legends of the Battle Disks
1848,Pokemon / Nintendo
1849,Top Gear
1850,Bandai-Namco
1851,Club Penguin
1852,Pokemon World Championship Decks
1853,|MFG
1854,Ban Dai
1855,Magic the Gathering: Holiday Gift Box
1856,Amigo Spiel + Freizeit
1857,MTG
1858,Rugby Attax
1859,Modern Event Deck
1860,TT-PLAY
1861,Neopets
1862,Pokemon Plasma Blast Boosters
1863,Return to Ravnica Booster Display
1864,MagicBox
1865,Knightwing
1866,Lado
1867,Eckon
1868,Berko
1869,MicroMiniatures
1870,Lionel
1871,Branching Out
1872,Planes
1873,Driver Dan
1874,Richmond Toys
1875,Gumpert
1876,Checker
1877,Porsche
1878,Ace
1879,Troféu
1880,Mini
1881,John Deere
1882,Norev
1883,McLaren
1884,Hobby Master
1885,Starline
1886,Rolls Royce
1887,Agatsuma
1888,hongwell
1889,Unimax
1890,Brumm
1891,T-34/85 1945 diecast model tank
1892,Aoshima Models
1893,GREENLIGHT/ROAD2RACEMODELS
1894,DeAgostini
1895,Subaru
1896,EQLEF®
1897,Thor
1898,Max Steel
1899,Forum
1900,Iron Man
1901,NFL
1902,POP! Bobble
1903,Minecraft
1904,Hey Duggee
1905,TNK
1906,Tom and Jerry
1907,Power Rangers Megaforce
1908,Iwako
1909,Adventure Time
1910,Little Live Pets
1911,CollectA
1912,HGL
1913,Dinosaur Train
1914,Kung Zhu
1915,VTech
1916,B&M
1917,Mighty Megasaur
1918,Tober
1919,Walking with Dinosaurs
1920,Jurassic World
1921,Collecta
1922,AAA
1923,DKE
1924,Quantum Mechanix
1925,Keycraft
1926,Scola
1927,WL
1928,National Geographic
1929,Boys toys
1930,Gookha
1931,Dinowaurs
1932,Dino Valley
1933,Action Figures
1934,Bif Bang Pow
1935,Blythe
1936,Chad Valley
1937,The Online Workshop
1938,Bino
1939,Bontempi
1940,SMB Novelties
1941,REGENT GROUP LTD
1942,Purity
1943,Marks and Spencer
1944,Davies
1945,Leisure
1946,16th Birthday 16th Foil Banner - 9ft
1947,Hollywood
1948,BOF
1949,Great British Street Party
1950,Block Party
1951,Think Pink Blue 2
1952,My Planet
1953,Biestle
1954,Polka Dots
1955,Personalised Party Supplies
1956,The Expression Factory
1957,The Snowman and The Snowdog
1958,Baby Stitching Blue Jointed Letter Banner
1959,Moshi
1960,Toys R Us
1961,Max Factory
1962,toybiz
1963,"Lucky Yeh International, Ltd"
1964,Underground Toys
1965,EMCE Toys
1966,Playskool
1967,Megahouse
1968,Epoch
1969,Kenner
1970,Square Enix
1971,Beyblade
1972,Star Wars: Episodes I to VI
1973,DC Collectibles
1974,Furuta
1975,Sota Toys
1976,Power Rangers Samurai
1977,Chopsticks
1978,Tree Fu Tom
1979,Transformers Dark of the Moon
1980,Aquapets
1981,Vigid Imaginations
1982,Good Smile
1983,Pressman Toy
1984,Transformers Prime
1985,Pulp Fiction
1986,Simba
1987,Danawares
1988,Planet of the Apes
1989,The Hulk
1990,Alien Connection Ltd
1991,ChannelAdvisor
1992,Wall-E
1993,Avengers: Age of Ultron
1994,Smencils
1995,Hobby Art & Crafts
1996,C. Kreul
1997,Domire
1998,50Fifty
1999,Identipen
2000,Ren Art
2001,Lyra
2002,Binney & Smith
2003,GSI Creos
2004,uni-ball
2005,Caran d'Ache
2006,Pip-squeak markers
2007,Clown
2008,unisex party bag fillers
2009,The Toy Jar
2010,Flames of War
2011,Sakura
2012,Ryman
2013,Colorino
2014,Party Parade
2015,Little Miss
2016,Colour Me Mine
2017,Top Model
2018,BLO pens
2019,Staedtler
2020,Fusion
2021,Fibracolor
2022,SpongeBob Squarepants
2023,rainbowbrush.co.uk
2024,Spectrum
2025,BRUYNZEEL - SAKURA BV
2026,Kahootz
2027,CARIOCA ARTS AND CRAFTS
2028,WeVeel 3-Donkulous
2029,Crayola My First Crayola
2030,Giotto
2031,New World Toys
2032,ZooBooKoo
2033,Crayola Creations
2034,Bizili
2035,Leeho
2036,The Little Party Shop
2037,Letraset
2038,Jake and the Neverland Pirates
2039,Little Sculptures
2040,Feature Pens
2041,K-Direct
2042,Hunter
2043,Pelikan
2044,Crafting Pens
2045,L'Univers du Cheval
2046,PATHWAYS FOR LEARNING
2047,Colourland
2048,Maped
2049,New Classic Toys
2050,MJmark
2051,The 1 for U
2052,Urban Trendzz
2053,MoAndy
2054,Bolz
2055,Funskool
2056,Wind Designs Ltd
2057,Rocky
2058,Kenzies Gifts
2059,Little Tikes
2060,The1forU
2061,Judaica Mega Mall
2062,rolly toys
2063,YIXIN
2064,MWZ
2065,KidO
2066,UFREE
2067,CHIC 2000
2068,RSC
2069,AB Gee
2070,Jakobs
2071,Releaserain
2072,AmDxD
2073,Fajiabao
2074,Green Toys
2075,Lakeshore
2076,PowerPlus
2077,Tangle
2078,Takara
2079,BXT
2080,getDigital
2081,Keetek
2082,Wooden Toys
2083,John Crane
2084,Yo Yo Factory
2085,Dcolor
2086,Little People
2087,Schylling
2088,Owfeel(TM)
2089,Voila
2090,KCFT
2091,Loz
2092,Clics
2093,Penzora
2094,Wang
2095,Red Toolbox
2096,Friends
2097,FIRESTAR TOYS CUSTOM DESIGNS
2098,Eitech
2099,Third Party
2100,Tube Heroes
2101,Revoltech
2102,Jakks Pacific
2103,NBA
2104,Transformers Age of Extinction
2105,Clangers
2106,KAIYODO JAP.
2107,Predator
2108,Dragonball Z
2109,Jakks Pacific Inc.
2110,Universal Monsters
2111,DC
2112,DC Unlimited
2113,Morbs
2114,Batman - The Dark Knight Rises
2115,Juff Dunham
2116,Diamond Comic Distributors
2117,Munsters
2118,G. I. Joe
2119,Scooby Doo
2120,Carlton
2121,Kenneth Cole Reaction
2122,ABC
2123,Bowen Designs
2124,Accel World
2125,Squinkies
2126,Moose Enterprise
2127,Super Hero Adventures
2128,Sota
2129,"Kaiyodo,Revoltech"
2130,Jay & Silent Bob
2131,Pin -It
2132,SoccerStarz
2133,Banzai
2134,Brookite
2135,Worlds Apart
2136,Stomp Rocket
2137,XINTE
2138,Slide
2139,Ninja
2140,Buiten speel
2141,HQ
2142,Tofern
2143,HQ Kites
2144,A-szcxtop
2145,Sleddy Rainbow
2146,EGT Toys et Garden
2147,Brainstorm
2148,Spirit of Air
2149,Wicked Vision Limited
2150,Out of the Blue
2151,Zing Air
2152,Dunster House
2153,Flexifoil
2154,TC
2155,Polesie Wader
2156,Brainstorm Toys
2157,EZE DOPE
2158,Eolo
2159,Best Line
2160,L.W.
2161,PowerLead
2162,Ardisle
2163,Twigz
2164,Gunther
2165,Hemar
2166,i.LifeUK
2167,Amazona's presentz
2168,Gladiator Foam
2169,Science & Play
2170,TP
2171,Banbao
2172,KBT
2173,The Big Bang Rocket
2174,Scratch
2175,Lanard
2176,Miniland
2177,HappyCloud
2178,Wicked Vision Ltd
2179,Throwing Stars
2180,Main Sauce Production
2181,GeoSpace
2182,ROKIT
2183,TKC
2184,Brogamats
2185,Simba Smoby
2186,ZJchao
2187,Air Storm
2188,Vectis
2189,Blast Pad
2190,Vollter
2191,Vintage Model Co.
2192,Kobwa
2193,Winmau
2194,Rothbury Publishing
2195,Clementoni
2196,signs-unique
2197,Jumbo Games
2198,Falcon de luxe
2199,Castorland
2200,Heye
2201,Gibsons
2202,The House of Puzzles
2203,Educa Borras
2204,Eurographics
2205,King International
2206,Orchard Toys
2207,King
2208,Haynes
2209,Maxim
2210,Cartoon Network
2211,James Hamilton Grovely
2212,Educa
2213,Bepuzzled
2214,Nintendogs
2215,J R Jigsaws
2216,Goula
2217,Express Gifts
2218,Bits and Pieces
2219,Sambro
2220,Baby Celebrations
2221,My1stWish
2222,Crown & Andrews
2223,John N. Hansen
2224,Jumbo Puzzle
2225,Half Moon Bay
2226,Falcon Games
2227,SystemsEleven
2228,Jigthings
2229,White Mountain Puzzles
2230,The Emporium Puzzles
2231,Westland Sea King HC.4
2232,Skymarks
2233,MODERN TRUCKS
2234,Lagonda
2235,Knight Rider
2236,TrueScale Miniatures
2237,solido
2238,TB
2239,Bedford
2240,Ducati Supersport 1000ds HF 2003 bike
2241,Saico
2242,Pontiac
2243,Mondo Motors
2244,Vitesse
2245,American Classics
2246,Ducati
2247,The Hobby Company
2248,Royal Mail
2249,Toyway
2250,Replicars
2251,Reliant
2252,Wiking
2253,Widdowsons Display Cases
2254,THE HOBBY COMPANY
2255,Aoshimabunkakyozaisha
2256,Horch
2257,Laverda
2258,Tomy UK ltd
2259,Toys For Play
2260,ERTL
2261,Fisher-Price Thomas
2262,Conductor Carl
2263,RC2
2264,Caterpillar
2265,Edu Science
2266,Bigjigs Road
2267,Robocar Poli
2268,ICONIX
2269,Dickie-Spielzeug
2270,Tomica
2271,Innovention Toys
2272,YISET
2273,Bob
2274,Shopkins
2275,License 2 Play Inc
2276,Talentstar
2277,Mini Chou Chou Birdies
2278,Believe You Can
2279,Weenicons
2280,Powell Craft
2281,Dammit Dolls
2282,NPK
2283,Little Miss Muffin
2284,Imajo
2285,The Great British Teddy Bear Company
2286,Think Pink
2287,MGA Entertainment
2288,North American Bear
2289,Lalaloopsy Mini
2290,ChoicefullBargain
2291,My Doll
2292,Cabbage Patch Kids
2293,Groovy Girl
2294,Kelly Toys
2295,DF Soft Toys
2296,Oliver pascal
2297,Little Miss Sunshine
2298,iAS
2299,Iwaya
2300,Lily Dolls
2301,WUSCHL
2302,Snuggy Buds
2303,Berenguer
2304,Eshylala
2305,Käthe Kruse
2306,Posh Paws
2307,Thorness
2308,JC Toys
2309,Sensory Toy Warehouse
2310,Psycho
2311,Action
2312,woooow doll
2313,Plush
2314,Sochi 2014
2315,Scream
2316,Dolly Doo
2317,Lalaloopsy
2318,Rag Dolls
2319,"Cut the Rope, Zeptolab"
2320,Masingo
2321,EY-slimming toys
2322,Dirty Fingers
2323,Rag Doll
2324,Mooshka
2325,My Girl Studio
2326,Wonderworld
2327,Girlie Paws
2328,The Zelf's
2329,Collectable Minifigures
2330,POP! Rides
2331,Medicom Toys
2332,Jun Planning
2333,Rocky Horror Picture Show
2334,Character
2335,Aliens
2336,Postman Pat
2337,Perfect Combiner
2338,Stevenson Entertainment
2339,Comansi
2340,Slugterra
2341,Super Mario Bros.
2342,Ghostbusters
2343,Zombie Zity
2344,Power Rangers Super Mega Force
2345,StressCHECK Ltd
2346,Legend of Zelda
2347,Gears of War
2348,Zomlings Series 4
2349,Mortal Kombat
2350,Bin Weevils
2351,filmwelt-shop
2352,How to Train You Dragon
2353,Wild Kratts
2354,Kung Zhu Hamsters
2355,Terraria
2356,The Nightmare Before Christmas
2357,Zhu Zhu Ponies
2358,Olde Scotland Yard Ltd.
2359,Casdon
2360,howa
2361,Homgaty
2362,Santoys
2363,Polly Spielwaren
2364,Erzi
2365,No1GadgetStore
2366,Early Learning Centre
2367,playteachers
2368,Pop It Up
2369,Infantastic
2370,Tanner
2371,KIDS-OUTLET
2372,Zuh Zhu Pets
2373,Vinsani
2374,Orbeez
2375,KiddyPlay
2376,Moulin Roty
2377,Sooty
2378,PILOW PUPPETS
2379,Shelby
2380,Norscot
2381,Triumph
2382,Fiat
2383,Fresh Metal
2384,Bauer
2385,Ex Mag
2386,Jensen
2387,Corgi Vanguards
2388,The Online Stores
2389,MG
2390,Jaguar
2391,Vanguards
2392,Wonham
2393,MyTinyWorld
2394,Jackson's Miniatures
2395,STREETS AHEAD
2396,Sylvanian Families
2397,Farrow Industries
2398,Town Square Miniatures
2399,"Houseworks, Ltd."
2400,Falcon
2401,Melody Jane Dolls Houses
2402,Re-Ment
2403,Lundby
2404,Carl Schmieder
2405,MUFFIN LODGE
2406,Sophia's
2407,Jeremie
2408,Sue Ryder
2409,Falcon Miniatures
2410,Vanity Fair
2411,RB Foltz
2412,Tumdee Miniatures
2413,The Dolls House Emporium
2414,Delph Miniatures
2415,Heidi Ott
2416,sourcingmap
2417,Desconocido
2418,The Wonham Collection
2419,Melody Jane
2420,Dolls House Parade
2421,E-TING
2422,"Aztec Imports, Inc."
2423,Bolt Action
2424,Mutant Mania
2425,Small Army
2426,KAS
2427,Flames of War Vietnam
2428,Nemesis Now
2429,Bandai Hobby
2430,GHOST RECON
2431,POTC 4
2432,Micki
2433,Fish Around
2434,Juliet's Kiss
2435,BoxSet
2436,Treasure Galore
2437,Wild Republic Europe ApS
2438,Charter Limited
2439,Estia
2440,Marvel Superhero Squad
2441,Haba
2442,Sailor Moon
2443,Yamato
2444,Sideshow Collectable
2445,Polar Lights
2446,Batman Dark Knight Rises
2447,Kidrobot
2448,Archer Fine Transfers
2449,Toy Biz
2450,Bloom's cosplay
2451,Predators (2010 Movie)
2452,Masters of the Universe
2453,Phat Company
2454,"Kotobukiya Co., Ltd."
2455,Dragons
2456,Innotab
2457,ELC / Early Leanring Centre
2458,Zombinc
2459,TNMT
2460,Tekken
2461,Godzilla
2462,LeapFrog
2463,Dexter
2464,Power Rangers Super Samurai
2465,Sideshow
2466,Sarah Jane Smith Adventures
2467,World of Warriors
2468,The Penguins
2469,Pacific Rim
2470,101
2471,Spirograph
2472,EastSun
2473,Dj Games
2474,Spear's Games
2475,Boikido
2476,"K and C, K and C"
2477,Science4you
2478,fatcolor
2479,Lagoon Group
2480,CREATIVE EDUCATIONAL
2481,The Glowhouse
2482,Frank Educational
2483,History Heroes
2484,Domino Express
2485,Storyonics
2486,Wonder Forge
2487,Hape Early Explorer
2488,Traditional Garden Games
2489,Temple Games
2490,Chimp & Zee
2491,Letterbox
2492,IDEA
2493,Diabolical Gift People
2494,Giddy Up
2495,POCKET MONEY TOYS
2496,Ashmolean
2497,Cardinal
2498,Pressman Toy International
2499,County Engraving
2500,Jane's Games
2501,AT
2502,Cardinal Industries
2503,Accessotech
2504,Kibbles
2505,Scrabble
2506,Gigamic
2507,The Little Experience
2508,Thames & Kosmos
2509,KLOO
2510,Scene It
2511,LISCIANI
2512,Games & Puzzles
2513,Magnetic
2514,Wildcard Games
2515,Rummikub
2516,Scribble
2517,Kingfisher
2518,Quercetti
2519,24 Game
2520,Fundex
2521,Goliath Games
2522,Halilit
2523,Trend
2524,Cup Cake Dice
2525,Secret Scholar
2526,Dragon-i Toys
2527,Money Bingo
2528,Engino
2529,Kapow Gifts
2530,Merchandise 24/7
2531,Elvis Presley
2532,The Name's The Game
2533,Puzzler Media Ltd
2534,Ridley's
2535,MUSIC
2536,Parker
2537,North Star Games
2538,Linkee 4 little questions. 1 big link.
2539,A Nightmare On Elm Street
2540,Ginger Fox
2541,Bettie Page
2542,Gear 4 Games
2543,Spinning Hat
2544,People. Coffee Table Trivia
2545,Wildlife
2546,Cheatwell
2547,Marvel Comics
2548,TRIVIAL PURSUIT 1980'S
2549,Beavis And Butt-Head
2550,Britannia Games
2551,BV Leisure
2552,"Marvel, 20th Century Fox"
2553,Radica
2554,GODZILA
2555,eDigital Creations Party Supplies
2556,The Big Bang Theory
2557,Abbey Road Studios- Music Trivia
2558,Scarface
2559,Deadpool
2560,Birthday Gift Ideas
2561,GoForItGames.com
2562,Games
2563,James Bond
2564,CD FUNDRAISING
2565,Breaking Bad
2566,Mensa
2567,Top Trivia
2568,Parker Brothers
2569,ChangThai Design
2570,DC Collectables
2571,sideshow weta
2572,Pazapa
2573,Mega
2574,Avatar
2575,Loop & Loom
2576,Mei_star
2577,MYO Friendship Bracelet
2578,CrazyGadget
2579,Creation Station
2580,Funloom
2581,Royal Loom
2582,Maxi Hama
2583,KCG Trading
2584,Hama Beads DKL
2585,Rosebeading
2586,Sculpey
2587,JJS Direct UK
2588,Q7S
2589,DIY
2590,Mazichands
2591,Kars
2592,Ateam
2593,Pippin
2594,WHOLESALE BEADS & CHARMS
2595,Wiki
2596,Interplay
2597,Strand Bands
2598,k2-accessories Leather Cord
2599,Meadow Kids
2600,ASH
2601,Concept4u
2602,ICEBOX
2603,Bands
2604,CI
2605,Swash
2606,AC.Crafts
2607,Pipkits
2608,HONGBE
2609,Peterkin UK Ltd
2610,Housweety
2611,Silk Daisy Chain Gift Box
2612,Buy Craft Direct Ltd
2613,Midco Toys
2614,Sequin Art Funky Frame Flower
2615,girls party bag fillers
2616,Brimtoy Dice Games
2617,Cthulhu
2618,Warmachine
2619,Esdevium Games
2620,Cavendish Trading
2621,Paladin
2622,TRIPLE YAHTZEE
2623,e-Raptor
2624,Volley
2625,Caley's
2626,Fabulous Las Vegas Dice - 5 Pack
2627,Golo
2628,m.y
2629,Ravensburger Spieleverlag
2630,Huch & Friends
2631,Dino Dice
2632,"Tricks Of The Trade, Inc."
2633,Screenlife
2634,Tantrix
2635,Uber Games
2636,Goliath
2637,Cheatwell Games.
2638,My Garden Games
2639,Classic Leisure Products
2640,Triominos
2641,Medias
2642,HCM Kinzel
2643,Metal products
2644,Chabrias
2645,Tantrix UK Ltd
2646,Square-Enix
2647,Feldherr
2648,GGS
2649,Captain america
2650,IronMan
2651,Super Heroes
